CustomerID,SavingsAccount,CreditCard,FixedDeposit,Insurance,Investment,Loan,NumProductsOwned
CUST00001,1,0,1,1,1,0,4
CUST00002,1,1,0,0,1,1,4
CUST00003,1,1,0,1,0,1,4
CUST00004,1,1,0,1,0,1,4
CUST00005,1,1,1,0,1,1,5
CUST00006,1,0,0,1,0,0,2
CUST00007,1,0,0,1,1,1,4
CUST00008,1,0,1,1,0,1,4
CUST00009,1,1,1,0,0,1,4
CUST00010,1,0,0,0,0,1,2
CUST00011,1,1,0,0,0,1,3
CUST00012,1,0,0,1,0,0,2
CUST00013,1,1,0,0,0,0,2
CUST00014,1,1,0,0,0,1,3
CUST00015,1,0,0,0,0,1,2
CUST00016,1,0,0,1,1,1,4
CUST00017,1,0,0,0,1,1,3
CUST00018,1,1,0,1,1,1,5
CUST00019,1,1,0,0,0,0,2
CUST00020,1,0,0,1,0,0,2
CUST00021,1,0,1,0,0,0,2
CUST00022,1,0,0,1,0,1,3
CUST00023,1,1,0,0,0,1,3
CUST00024,1,1,0,0,0,1,3
CUST00025,1,0,0,1,0,0,2
CUST00026,1,1,0,0,0,1,3
CUST00027,1,0,0,0,1,1,3
CUST00028,1,0,1,1,1,1,5
CUST00029,1,0,0,1,0,1,3
CUST00030,1,0,0,0,0,1,2
CUST00031,1,0,1,0,0,1,3
CUST00032,1,1,0,0,1,0,3
CUST00033,1,1,0,0,0,1,3
CUST00034,1,1,0,1,0,0,3
CUST00035,1,0,0,1,1,0,3
CUST00036,1,0,1,1,1,0,4
CUST00037,1,1,0,1,0,1,4
CUST00038,1,0,1,0,1,0,3
CUST00039,1,0,0,0,0,1,2
CUST00040,1,0,0,0,0,0,1
CUST00041,1,1,0,0,0,0,2
CUST00042,0,1,0,0,0,1,2
CUST00043,1,0,0,0,0,0,1
CUST00044,1,1,1,0,1,1,5
CUST00045,1,1,0,0,0,1,3
CUST00046,1,1,1,0,0,0,3
CUST00047,1,1,1,1,0,1,5
CUST00048,1,0,0,0,0,0,1
CUST00049,1,1,0,0,0,0,2
CUST00050,1,0,1,1,1,1,5
CUST00051,1,1,0,0,1,1,4
CUST00052,1,1,1,1,1,1,6
CUST00053,1,0,1,0,0,1,3
CUST00054,1,0,0,0,0,0,1
CUST00055,1,0,0,0,0,1,2
CUST00056,1,1,1,1,0,1,5
CUST00057,1,1,0,1,1,0,4
CUST00058,1,0,0,0,0,0,1
CUST00059,1,1,1,0,0,1,4
CUST00060,1,1,1,1,1,1,6
CUST00061,1,0,0,0,0,1,2
CUST00062,1,0,0,0,0,0,1
CUST00063,1,0,0,0,0,1,2
CUST00064,1,1,1,1,0,0,4
CUST00065,1,0,0,0,0,1,2
CUST00066,1,0,0,1,0,1,3
CUST00067,1,0,0,0,0,1,2
CUST00068,1,1,1,1,0,1,5
CUST00069,1,1,1,1,1,1,6
CUST00070,1,0,0,0,0,0,1
CUST00071,1,1,0,0,0,0,2
CUST00072,1,1,0,0,0,1,3
CUST00073,1,1,0,0,0,1,3
CUST00074,1,1,0,0,1,1,4
CUST00075,1,1,0,1,0,1,4
CUST00076,1,1,0,0,0,1,3
CUST00077,1,0,1,0,0,1,3
CUST00078,1,0,0,0,0,0,1
CUST00079,1,0,0,0,0,0,1
CUST00080,1,0,1,1,0,0,3
CUST00081,1,0,0,0,0,1,2
CUST00082,1,1,0,0,0,1,3
CUST00083,1,0,1,1,0,0,3
CUST00084,1,0,1,0,1,1,4
CUST00085,1,1,0,1,0,1,4
CUST00086,1,1,1,0,1,0,4
CUST00087,1,0,1,1,0,0,3
CUST00088,1,1,0,0,0,0,2
CUST00089,1,0,1,0,0,1,3
CUST00090,1,0,0,0,0,0,1
CUST00091,1,0,0,0,0,1,2
CUST00092,1,0,0,0,0,0,1
CUST00093,1,0,0,0,0,0,1
CUST00094,1,0,0,0,0,1,2
CUST00095,1,1,1,0,1,1,5
CUST00096,1,0,0,0,0,0,1
CUST00097,1,1,0,0,1,1,4
CUST00098,1,1,1,1,1,1,6
CUST00099,1,1,1,1,0,1,5
CUST00100,1,1,1,1,1,1,6
CUST00101,1,1,0,0,0,0,2
CUST00102,1,0,1,1,0,1,4
CUST00103,1,1,0,1,0,1,4
CUST00104,1,1,0,0,0,0,2
CUST00105,1,0,1,1,0,1,4
CUST00106,1,0,0,1,0,0,2
CUST00107,1,0,0,0,0,1,2
CUST00108,1,0,0,0,1,0,2
CUST00109,1,1,1,1,0,1,5
CUST00110,1,1,1,0,0,1,4
CUST00111,1,0,1,0,0,1,3
CUST00112,1,1,0,1,0,1,4
CUST00113,1,0,1,0,1,0,3
CUST00114,1,0,0,1,1,0,3
CUST00115,1,1,0,0,0,1,3
CUST00116,1,1,0,0,0,0,2
CUST00117,1,0,1,1,0,0,3
CUST00118,1,1,0,0,0,1,3
CUST00119,1,1,0,1,0,1,4
CUST00120,1,0,0,0,0,0,1
CUST00121,1,0,0,0,0,0,1
CUST00122,1,0,0,0,0,1,2
CUST00123,1,1,1,1,1,0,5
CUST00124,1,1,0,0,0,1,3
CUST00125,1,1,1,1,0,0,4
CUST00126,1,0,0,0,1,1,3
CUST00127,1,1,0,0,0,1,3
CUST00128,1,1,0,0,1,1,4
CUST00129,1,0,0,1,1,0,3
CUST00130,1,0,0,0,0,1,2
CUST00131,1,1,0,0,0,1,3
CUST00132,1,0,0,1,1,1,4
CUST00133,1,0,0,0,0,1,2
CUST00134,0,0,0,1,0,1,2
CUST00135,1,0,1,0,1,1,4
CUST00136,1,1,1,0,1,0,4
CUST00137,1,1,1,0,0,1,4
CUST00138,1,0,0,1,1,0,3
CUST00139,1,1,1,1,0,0,4
CUST00140,1,1,1,1,0,0,4
CUST00141,1,1,0,0,0,1,3
CUST00142,1,0,0,0,0,1,2
CUST00143,1,1,0,0,0,1,3
CUST00144,1,0,1,0,0,0,2
CUST00145,1,1,0,0,0,1,3
CUST00146,1,1,1,1,0,0,4
CUST00147,0,1,1,1,0,1,4
CUST00148,1,1,1,0,0,0,3
CUST00149,1,0,0,0,0,0,1
CUST00150,1,1,1,0,1,0,4
CUST00151,1,1,0,0,0,1,3
CUST00152,1,0,0,0,0,1,2
CUST00153,1,1,1,1,0,1,5
CUST00154,1,1,0,0,0,1,3
CUST00155,1,1,0,1,1,0,4
CUST00156,1,0,0,0,0,1,2
CUST00157,1,0,1,1,0,1,4
CUST00158,1,0,0,0,0,0,1
CUST00159,1,0,1,1,0,1,4
CUST00160,1,0,1,0,0,0,2
CUST00161,1,1,0,1,1,1,5
CUST00162,1,0,0,0,0,0,1
CUST00163,0,1,0,0,0,1,2
CUST00164,1,1,1,0,1,0,4
CUST00165,1,1,0,0,0,1,3
CUST00166,1,1,0,0,1,1,4
CUST00167,1,1,0,1,0,0,3
CUST00168,1,0,1,1,0,1,4
CUST00169,1,1,0,1,1,0,4
CUST00170,1,0,0,1,1,1,4
CUST00171,1,0,0,0,0,1,2
CUST00172,1,0,0,0,1,1,3
CUST00173,1,1,0,0,1,1,4
CUST00174,1,0,0,1,0,1,3
CUST00175,1,0,1,1,0,0,3
CUST00176,1,1,1,1,1,1,6
CUST00177,1,1,0,0,1,0,3
CUST00178,1,0,0,1,0,1,3
CUST00179,1,1,0,1,0,0,3
CUST00180,1,0,0,0,0,0,1
CUST00181,1,1,0,1,0,0,3
CUST00182,1,0,1,0,0,1,3
CUST00183,1,0,0,1,1,0,3
CUST00184,1,0,1,1,0,1,4
CUST00185,1,0,1,1,1,0,4
CUST00186,1,0,0,0,0,1,2
CUST00187,1,0,1,0,0,1,3
CUST00188,1,1,1,1,1,1,6
CUST00189,1,0,1,1,0,0,3
CUST00190,1,0,1,1,0,1,4
CUST00191,1,1,0,1,0,0,3
CUST00192,1,0,1,0,0,1,3
CUST00193,1,1,0,1,1,1,5
CUST00194,1,1,0,0,0,1,3
CUST00195,1,1,0,0,0,1,3
CUST00196,1,1,0,0,1,0,3
CUST00197,1,0,0,0,1,0,2
CUST00198,1,1,0,0,0,1,3
CUST00199,1,1,0,0,1,1,4
CUST00200,1,1,0,0,0,1,3
CUST00201,1,0,1,1,0,0,3
CUST00202,1,1,1,0,0,1,4
CUST00203,1,1,0,0,0,1,3
CUST00204,1,1,0,1,1,1,5
CUST00205,0,1,0,0,1,1,3
CUST00206,1,1,0,1,0,0,3
CUST00207,1,1,0,0,1,0,3
CUST00208,1,0,1,0,0,0,2
CUST00209,1,1,0,1,1,1,5
CUST00210,1,0,0,0,0,0,1
CUST00211,1,0,0,1,0,1,3
CUST00212,1,0,0,0,0,0,1
CUST00213,1,0,0,1,0,1,3
CUST00214,1,0,1,1,1,0,4
CUST00215,1,1,0,0,0,0,2
CUST00216,1,0,1,0,0,0,2
CUST00217,1,1,1,1,0,0,4
CUST00218,1,1,0,0,1,1,4
CUST00219,1,1,0,0,0,1,3
CUST00220,1,0,0,0,1,1,3
CUST00221,1,1,1,1,0,0,4
CUST00222,1,0,0,0,0,0,1
CUST00223,1,0,0,0,0,1,2
CUST00224,1,0,0,0,0,1,2
CUST00225,1,1,0,1,0,1,4
CUST00226,1,0,1,0,0,0,2
CUST00227,1,1,1,1,1,0,5
CUST00228,1,0,0,0,0,1,2
CUST00229,1,0,0,0,0,1,2
CUST00230,1,1,1,0,1,1,5
CUST00231,1,0,0,0,1,1,3
CUST00232,1,0,1,0,0,0,2
CUST00233,1,0,0,1,0,1,3
CUST00234,1,0,0,0,0,0,1
CUST00235,1,0,1,0,0,1,3
CUST00236,1,0,1,1,1,0,4
CUST00237,1,1,0,0,0,0,2
CUST00238,1,1,0,0,0,1,3
CUST00239,1,1,1,0,1,0,4
CUST00240,1,0,0,1,1,0,3
CUST00241,1,0,1,0,0,1,3
CUST00242,1,0,1,1,0,0,3
CUST00243,1,0,1,0,1,1,4
CUST00244,1,1,0,0,1,1,4
CUST00245,1,0,0,0,0,0,1
CUST00246,1,1,0,0,0,1,3
CUST00247,1,1,0,1,0,1,4
CUST00248,1,1,0,0,0,0,2
CUST00249,1,0,0,1,1,1,4
CUST00250,1,1,0,0,0,1,3
CUST00251,1,0,0,0,0,1,2
CUST00252,1,1,0,0,0,1,3
CUST00253,1,0,0,0,1,1,3
CUST00254,1,1,0,0,1,0,3
CUST00255,1,0,0,0,1,1,3
CUST00256,1,0,1,1,0,0,3
CUST00257,0,0,1,1,0,0,2
CUST00258,1,1,1,1,1,1,6
CUST00259,1,1,0,1,1,0,4
CUST00260,1,0,0,0,0,1,2
CUST00261,1,1,0,1,0,1,4
CUST00262,1,1,0,0,1,0,3
CUST00263,1,0,1,0,0,0,2
CUST00264,1,1,0,0,0,1,3
CUST00265,0,0,0,1,1,0,2
CUST00266,1,1,0,1,0,1,4
CUST00267,1,0,0,1,1,1,4
CUST00268,1,0,0,0,0,1,2
CUST00269,1,1,1,1,1,0,5
CUST00270,1,1,1,1,1,1,6
CUST00271,1,1,1,1,1,1,6
CUST00272,1,0,0,1,1,1,4
CUST00273,1,1,0,0,1,0,3
CUST00274,1,0,0,1,0,0,2
CUST00275,1,0,0,0,0,0,1
CUST00276,1,1,0,1,0,1,4
CUST00277,1,1,0,1,0,1,4
CUST00278,1,1,0,0,0,0,2
CUST00279,1,1,0,0,0,1,3
CUST00280,1,0,0,0,0,1,2
CUST00281,1,1,1,1,0,1,5
CUST00282,1,0,1,0,0,1,3
CUST00283,1,1,1,0,0,1,4
CUST00284,1,0,1,0,1,1,4
CUST00285,1,0,0,0,0,1,2
CUST00286,1,1,0,1,1,1,5
CUST00287,1,1,0,1,1,1,5
CUST00288,1,1,1,0,1,1,5
CUST00289,1,0,0,0,0,0,1
CUST00290,1,1,1,1,1,0,5
CUST00291,1,1,0,0,0,1,3
CUST00292,1,1,1,1,1,0,5
CUST00293,1,1,0,0,1,1,4
CUST00294,1,1,1,0,1,1,5
CUST00295,1,0,0,0,1,1,3
CUST00296,1,0,0,0,0,0,1
CUST00297,1,1,0,0,1,1,4
CUST00298,1,1,1,1,0,0,4
CUST00299,1,0,1,1,0,1,4
CUST00300,1,0,1,0,0,0,2
CUST00301,1,0,0,1,0,1,3
CUST00302,1,1,1,0,1,1,5
CUST00303,1,1,0,0,0,1,3
CUST00304,1,0,0,0,1,0,2
CUST00305,1,0,0,0,0,1,2
CUST00306,1,0,1,0,0,1,3
CUST00307,1,1,1,1,0,1,5
CUST00308,1,0,0,0,0,0,1
CUST00309,1,0,1,1,0,1,4
CUST00310,1,1,0,0,1,0,3
CUST00311,1,1,0,0,1,1,4
CUST00312,1,1,0,0,0,0,2
CUST00313,1,1,1,1,1,1,6
CUST00314,1,1,0,0,1,1,4
CUST00315,1,0,0,1,1,1,4
CUST00316,1,0,1,1,0,1,4
CUST00317,1,1,1,0,0,1,4
CUST00318,1,1,0,1,1,0,4
CUST00319,1,1,0,1,0,1,4
CUST00320,0,1,0,0,1,0,2
CUST00321,1,1,0,0,0,1,3
CUST00322,1,0,0,0,0,1,2
CUST00323,1,0,0,1,0,1,3
CUST00324,1,1,0,0,1,1,4
CUST00325,1,1,0,1,0,1,4
CUST00326,1,0,0,0,0,1,2
CUST00327,1,0,1,1,0,0,3
CUST00328,1,0,0,0,0,0,1
CUST00329,1,0,0,0,0,0,1
CUST00330,1,0,1,0,0,0,2
CUST00331,1,0,0,0,0,1,2
CUST00332,1,0,1,1,0,0,3
CUST00333,1,1,0,0,0,0,2
CUST00334,1,1,0,0,0,0,2
CUST00335,1,1,0,0,1,1,4
CUST00336,1,0,1,0,0,1,3
CUST00337,0,1,1,1,1,1,5
CUST00338,1,0,1,1,0,1,4
CUST00339,1,1,1,1,0,1,5
CUST00340,1,0,0,0,0,1,2
CUST00341,1,0,1,0,0,1,3
CUST00342,1,0,0,1,1,0,3
CUST00343,1,0,1,1,1,0,4
CUST00344,1,0,0,0,0,0,1
CUST00345,1,0,1,0,0,1,3
CUST00346,1,0,1,0,0,1,3
CUST00347,1,1,0,0,0,1,3
CUST00348,1,0,0,0,0,1,2
CUST00349,1,0,0,0,0,1,2
CUST00350,0,0,1,1,1,0,3
CUST00351,1,1,0,0,0,1,3
CUST00352,1,0,1,0,0,1,3
CUST00353,1,1,1,0,1,0,4
CUST00354,1,0,0,0,0,0,1
CUST00355,1,1,0,0,1,1,4
CUST00356,1,1,0,0,1,0,3
CUST00357,1,0,1,1,0,0,3
CUST00358,1,0,1,0,0,1,3
CUST00359,1,0,0,0,0,1,2
CUST00360,1,0,0,0,0,1,2
CUST00361,1,1,1,1,0,1,5
CUST00362,1,1,1,1,1,1,6
CUST00363,0,1,1,1,1,0,4
CUST00364,1,1,1,0,1,0,4
CUST00365,1,0,0,1,0,1,3
CUST00366,1,1,1,0,0,1,4
CUST00367,1,0,0,1,0,0,2
CUST00368,1,0,0,0,0,1,2
CUST00369,1,1,0,0,0,1,3
CUST00370,1,0,0,0,0,1,2
CUST00371,1,0,1,1,0,0,3
CUST00372,1,0,1,0,1,1,4
CUST00373,1,1,0,0,0,1,3
CUST00374,1,1,0,0,1,0,3
CUST00375,1,0,1,0,0,0,2
CUST00376,1,1,1,1,0,0,4
CUST00377,1,0,0,0,1,0,2
CUST00378,1,0,0,1,0,1,3
CUST00379,1,1,1,0,0,1,4
CUST00380,1,0,1,1,0,0,3
CUST00381,1,0,0,1,0,1,3
CUST00382,1,1,0,1,0,1,4
CUST00383,1,0,1,1,1,0,4
CUST00384,1,1,0,0,0,1,3
CUST00385,1,1,0,1,1,0,4
CUST00386,1,0,0,0,1,1,3
CUST00387,1,0,0,0,0,1,2
CUST00388,1,0,0,1,0,1,3
CUST00389,1,1,1,0,1,0,4
CUST00390,1,0,0,0,0,0,1
CUST00391,1,0,0,0,0,1,2
CUST00392,1,1,0,1,0,1,4
CUST00393,1,0,0,0,0,1,2
CUST00394,1,0,0,0,0,0,1
CUST00395,1,1,0,1,1,1,5
CUST00396,1,0,0,0,0,0,1
CUST00397,1,0,0,0,0,0,1
CUST00398,1,0,0,1,1,1,4
CUST00399,1,1,0,0,0,1,3
CUST00400,1,0,0,0,1,0,2
CUST00401,1,0,0,1,1,1,4
CUST00402,1,0,0,0,0,1,2
CUST00403,1,0,1,1,0,0,3
CUST00404,1,1,0,1,1,0,4
CUST00405,0,0,0,0,1,1,2
CUST00406,1,1,0,0,0,1,3
CUST00407,1,1,0,1,0,1,4
CUST00408,1,1,1,0,0,0,3
CUST00409,1,1,1,0,1,0,4
CUST00410,0,1,1,1,1,0,4
CUST00411,1,0,1,1,0,0,3
CUST00412,1,0,0,0,0,1,2
CUST00413,1,1,0,0,1,0,3
CUST00414,1,0,0,0,0,0,1
CUST00415,1,1,1,1,0,1,5
CUST00416,1,1,1,0,0,0,3
CUST00417,1,0,1,0,0,1,3
CUST00418,1,0,1,1,0,1,4
CUST00419,1,1,0,0,0,1,3
CUST00420,1,1,1,0,0,0,3
CUST00421,1,1,0,0,0,1,3
CUST00422,1,1,0,1,1,1,5
CUST00423,1,1,1,1,1,0,5
CUST00424,1,1,1,1,1,0,5
CUST00425,1,0,0,0,0,0,1
CUST00426,1,0,1,1,0,0,3
CUST00427,1,0,0,0,0,0,1
CUST00428,1,1,0,0,0,0,2
CUST00429,1,1,1,1,1,0,5
CUST00430,1,1,1,1,0,0,4
CUST00431,1,1,0,0,1,1,4
CUST00432,1,0,0,0,0,0,1
CUST00433,1,0,0,0,0,0,1
CUST00434,1,0,0,0,0,1,2
CUST00435,1,1,0,1,1,0,4
CUST00436,1,0,0,0,1,1,3
CUST00437,1,1,0,0,0,1,3
CUST00438,1,0,0,0,1,0,2
CUST00439,1,0,1,1,0,0,3
CUST00440,1,0,0,0,1,1,3
CUST00441,1,1,0,0,0,1,3
CUST00442,1,1,0,1,1,1,5
CUST00443,1,0,0,1,0,1,3
CUST00444,1,1,0,0,1,1,4
CUST00445,1,0,0,0,0,1,2
CUST00446,1,0,1,0,0,1,3
CUST00447,1,1,0,1,1,0,4
CUST00448,1,0,0,0,1,0,2
CUST00449,1,1,1,1,1,1,6
CUST00450,1,0,0,0,0,0,1
CUST00451,1,1,0,1,1,0,4
CUST00452,1,1,0,0,0,1,3
CUST00453,1,0,0,0,0,1,2
CUST00454,1,1,0,1,0,1,4
CUST00455,1,1,1,0,1,1,5
CUST00456,1,0,0,0,0,0,1
CUST00457,1,1,0,1,0,1,4
CUST00458,1,0,1,0,1,1,4
CUST00459,1,0,1,1,1,1,5
CUST00460,1,0,1,0,0,1,3
CUST00461,1,0,0,0,0,1,2
CUST00462,1,1,1,0,0,1,4
CUST00463,0,1,0,1,1,1,4
CUST00464,1,0,1,0,1,1,4
CUST00465,1,0,1,0,1,1,4
CUST00466,1,0,0,0,0,1,2
CUST00467,1,0,0,0,0,0,1
CUST00468,1,0,1,0,0,0,2
CUST00469,1,1,0,0,0,0,2
CUST00470,1,0,0,0,1,1,3
CUST00471,1,1,0,1,1,1,5
CUST00472,1,0,0,1,1,0,3
CUST00473,1,1,0,1,1,0,4
CUST00474,1,1,1,0,0,0,3
CUST00475,1,1,0,0,0,1,3
CUST00476,1,1,0,0,0,1,3
CUST00477,1,0,0,0,1,0,2
CUST00478,1,0,1,0,0,1,3
CUST00479,1,0,0,0,0,0,1
CUST00480,1,1,1,0,1,1,5
CUST00481,1,1,1,0,0,1,4
CUST00482,1,1,0,1,1,1,5
CUST00483,1,0,0,0,0,1,2
CUST00484,1,0,0,1,1,1,4
CUST00485,1,1,1,1,1,1,6
CUST00486,1,1,0,0,0,0,2
CUST00487,0,1,0,0,1,0,2
CUST00488,1,1,1,1,0,1,5
CUST00489,1,1,1,0,0,1,4
CUST00490,1,0,0,0,0,1,2
CUST00491,1,0,0,0,0,0,1
CUST00492,1,0,1,0,0,0,2
CUST00493,1,1,0,0,0,1,3
CUST00494,1,0,1,0,0,0,2
CUST00495,1,1,1,1,0,0,4
CUST00496,1,0,0,0,0,1,2
CUST00497,1,1,0,0,0,0,2
CUST00498,1,0,1,0,0,1,3
CUST00499,1,1,1,0,0,1,4
CUST00500,1,0,0,0,1,1,3
CUST00501,1,1,1,0,1,0,4
CUST00502,1,1,0,0,0,1,3
CUST00503,0,0,1,0,1,0,2
CUST00504,1,0,1,0,0,1,3
CUST00505,1,0,0,0,0,1,2
CUST00506,1,0,1,1,1,1,5
CUST00507,1,1,0,1,0,0,3
CUST00508,1,1,0,0,0,0,2
CUST00509,1,0,0,0,0,0,1
CUST00510,1,1,1,0,1,0,4
CUST00511,1,1,1,0,1,0,4
CUST00512,1,0,0,0,0,1,2
CUST00513,1,1,1,0,1,1,5
CUST00514,1,1,0,1,0,1,4
CUST00515,1,0,1,1,1,1,5
CUST00516,1,1,0,0,1,1,4
CUST00517,1,1,0,0,0,0,2
CUST00518,1,0,1,1,0,0,3
CUST00519,1,1,1,1,1,0,5
CUST00520,1,1,0,1,0,1,4
CUST00521,1,0,0,0,0,1,2
CUST00522,1,0,1,1,0,1,4
CUST00523,1,1,1,1,1,1,6
CUST00524,1,0,0,1,0,1,3
CUST00525,1,1,1,0,1,1,5
CUST00526,1,1,1,0,1,1,5
CUST00527,1,0,1,1,0,1,4
CUST00528,1,0,1,0,1,1,4
CUST00529,1,0,1,0,0,0,2
CUST00530,1,0,0,0,0,0,1
CUST00531,1,1,0,0,0,0,2
CUST00532,1,0,1,0,0,1,3
CUST00533,1,0,0,0,0,0,1
CUST00534,1,0,0,0,0,1,2
CUST00535,1,1,1,1,1,0,5
CUST00536,1,0,0,1,0,1,3
CUST00537,1,1,0,0,0,0,2
CUST00538,1,0,0,1,0,1,3
CUST00539,1,1,1,1,0,1,5
CUST00540,1,1,0,1,0,1,4
CUST00541,1,0,0,0,0,1,2
CUST00542,1,0,0,0,1,1,3
CUST00543,1,1,0,0,0,0,2
CUST00544,1,0,0,0,0,1,2
CUST00545,1,0,0,0,0,0,1
CUST00546,1,0,0,0,0,0,1
CUST00547,1,1,0,0,1,1,4
CUST00548,1,1,1,1,0,0,4
CUST00549,1,0,0,0,0,0,1
CUST00550,1,0,0,0,0,0,1
CUST00551,1,0,0,0,1,0,2
CUST00552,1,0,0,1,0,1,3
CUST00553,1,1,0,1,0,1,4
CUST00554,1,1,0,0,0,1,3
CUST00555,1,1,1,1,0,0,4
CUST00556,1,1,1,0,0,1,4
CUST00557,1,1,0,0,0,1,3
CUST00558,1,0,0,0,1,0,2
CUST00559,1,0,1,0,0,0,2
CUST00560,1,1,0,0,1,0,3
CUST00561,1,1,1,1,1,1,6
CUST00562,1,0,0,1,1,1,4
CUST00563,1,0,0,0,1,1,3
CUST00564,1,0,0,1,0,0,2
CUST00565,1,0,0,0,0,0,1
CUST00566,1,0,0,0,0,1,2
CUST00567,1,0,1,1,0,1,4
CUST00568,1,0,1,1,1,1,5
CUST00569,1,0,0,1,0,1,3
CUST00570,1,0,0,0,0,0,1
CUST00571,1,1,0,0,1,1,4
CUST00572,1,1,0,0,0,1,3
CUST00573,1,0,0,0,0,0,1
CUST00574,1,0,0,1,0,0,2
CUST00575,1,1,0,0,0,1,3
CUST00576,1,0,0,0,1,0,2
CUST00577,1,1,0,1,0,1,4
CUST00578,1,0,0,0,0,0,1
CUST00579,1,1,0,1,0,1,4
CUST00580,1,0,0,1,0,1,3
CUST00581,1,1,0,1,1,0,4
CUST00582,1,1,0,0,0,1,3
CUST00583,1,1,0,1,1,1,5
CUST00584,1,1,1,1,0,1,5
CUST00585,1,0,0,0,0,0,1
CUST00586,1,0,0,0,0,0,1
CUST00587,1,0,0,0,0,1,2
CUST00588,1,0,0,0,1,1,3
CUST00589,1,0,0,0,0,1,2
CUST00590,1,1,1,1,1,0,5
CUST00591,0,0,0,1,0,1,2
CUST00592,1,0,0,0,1,1,3
CUST00593,1,1,0,1,0,1,4
CUST00594,1,0,0,0,0,0,1
CUST00595,1,1,0,1,1,1,5
CUST00596,1,1,1,0,0,0,3
CUST00597,1,1,0,0,0,0,2
CUST00598,1,0,0,0,0,0,1
CUST00599,1,1,0,1,1,1,5
CUST00600,1,0,0,0,1,1,3
CUST00601,1,1,0,0,1,1,4
CUST00602,1,0,0,1,0,1,3
CUST00603,1,1,0,0,0,1,3
CUST00604,1,0,1,0,0,1,3
CUST00605,1,0,0,0,0,0,1
CUST00606,1,0,1,1,0,0,3
CUST00607,1,1,0,0,0,0,2
CUST00608,1,0,1,1,1,1,5
CUST00609,1,0,1,0,0,0,2
CUST00610,1,1,0,1,0,1,4
CUST00611,1,0,0,0,0,1,2
CUST00612,1,0,0,1,0,1,3
CUST00613,0,0,0,1,1,1,3
CUST00614,1,1,0,1,1,1,5
CUST00615,1,0,0,1,0,1,3
CUST00616,1,0,1,1,0,1,4
CUST00617,1,0,1,0,0,0,2
CUST00618,1,1,0,1,0,0,3
CUST00619,1,1,0,0,1,1,4
CUST00620,1,1,1,1,0,1,5
CUST00621,1,0,1,1,0,0,3
CUST00622,1,0,0,0,1,1,3
CUST00623,1,1,1,1,1,0,5
CUST00624,1,1,0,0,1,1,4
CUST00625,1,0,0,1,1,1,4
CUST00626,1,1,1,1,0,0,4
CUST00627,1,0,0,0,0,1,2
CUST00628,1,1,0,1,0,1,4
CUST00629,1,0,0,0,1,1,3
CUST00630,1,0,1,0,0,0,2
CUST00631,1,1,0,1,1,0,4
CUST00632,1,1,0,0,0,1,3
CUST00633,1,1,1,1,0,0,4
CUST00634,1,1,0,1,0,1,4
CUST00635,1,1,1,1,1,1,6
CUST00636,1,1,1,1,1,0,5
CUST00637,1,0,0,0,0,1,2
CUST00638,1,0,1,0,0,1,3
CUST00639,1,0,0,1,0,0,2
CUST00640,1,0,0,0,1,0,2
CUST00641,1,0,1,1,1,0,4
CUST00642,1,0,0,1,0,0,2
CUST00643,1,0,1,1,0,1,4
CUST00644,1,1,1,1,1,1,6
CUST00645,1,0,0,1,0,0,2
CUST00646,1,1,0,0,0,1,3
CUST00647,1,1,1,1,1,1,6
CUST00648,1,0,0,0,0,0,1
CUST00649,1,0,0,0,0,0,1
CUST00650,1,1,0,1,1,1,5
CUST00651,1,0,0,1,1,0,3
CUST00652,1,1,0,0,0,0,2
CUST00653,1,1,0,0,0,0,2
CUST00654,1,0,0,1,1,1,4
CUST00655,1,0,0,0,0,1,2
CUST00656,1,1,0,1,0,1,4
CUST00657,1,1,0,0,0,0,2
CUST00658,1,0,0,1,0,1,3
CUST00659,1,0,0,0,0,0,1
CUST00660,1,1,1,1,1,0,5
CUST00661,1,1,0,0,0,1,3
CUST00662,1,1,0,1,1,1,5
CUST00663,1,1,1,1,0,1,5
CUST00664,1,1,1,1,1,0,5
CUST00665,1,0,0,1,0,1,3
CUST00666,1,0,1,0,0,0,2
CUST00667,1,0,1,1,0,1,4
CUST00668,1,1,0,1,1,0,4
CUST00669,1,0,0,1,0,1,3
CUST00670,1,1,0,0,0,0,2
CUST00671,1,1,0,1,0,1,4
CUST00672,1,0,0,0,0,0,1
CUST00673,1,0,0,1,0,1,3
CUST00674,1,0,1,0,1,0,3
CUST00675,1,0,0,1,0,0,2
CUST00676,1,0,1,0,1,1,4
CUST00677,1,1,0,0,0,1,3
CUST00678,1,0,0,0,0,0,1
CUST00679,1,0,0,0,0,1,2
CUST00680,1,0,0,1,0,1,3
CUST00681,1,1,1,1,1,0,5
CUST00682,1,1,1,0,0,1,4
CUST00683,1,1,1,1,1,0,5
CUST00684,1,1,0,0,0,0,2
CUST00685,1,1,0,0,0,1,3
CUST00686,1,0,0,1,1,1,4
CUST00687,0,0,0,0,0,1,1
CUST00688,1,1,1,1,1,1,6
CUST00689,1,0,1,0,0,0,2
CUST00690,1,1,0,0,0,1,3
CUST00691,1,0,1,1,1,1,5
CUST00692,1,1,0,1,0,0,3
CUST00693,1,1,0,1,0,1,4
CUST00694,1,0,0,1,0,0,2
CUST00695,1,1,0,1,0,1,4
CUST00696,1,0,1,0,1,1,4
CUST00697,1,0,1,0,1,0,3
CUST00698,1,0,0,0,0,0,1
CUST00699,1,0,0,0,0,0,1
CUST00700,1,1,0,0,0,1,3
CUST00701,1,1,1,1,1,1,6
CUST00702,1,0,1,1,1,1,5
CUST00703,1,1,0,0,0,0,2
CUST00704,1,1,0,0,0,1,3
CUST00705,1,1,0,0,0,1,3
CUST00706,1,0,0,0,1,1,3
CUST00707,1,0,0,1,1,0,3
CUST00708,1,0,1,1,0,1,4
CUST00709,1,0,0,1,0,1,3
CUST00710,1,1,0,0,1,1,4
CUST00711,0,1,0,1,1,1,4
CUST00712,1,0,1,0,0,0,2
CUST00713,1,0,1,0,0,0,2
CUST00714,1,1,0,0,0,1,3
CUST00715,1,0,1,0,1,1,4
CUST00716,1,0,0,1,0,0,2
CUST00717,1,0,0,0,1,0,2
CUST00718,1,1,1,1,0,1,5
CUST00719,1,0,0,0,0,0,1
CUST00720,1,0,1,0,0,1,3
CUST00721,1,0,0,0,0,1,2
CUST00722,1,1,0,0,0,0,2
CUST00723,1,1,1,1,1,0,5
CUST00724,1,1,0,0,1,0,3
CUST00725,1,1,0,1,1,1,5
CUST00726,1,1,1,0,1,1,5
CUST00727,1,0,0,1,0,1,3
CUST00728,1,1,0,1,0,1,4
CUST00729,1,0,0,0,0,0,1
CUST00730,1,0,0,0,0,0,1
CUST00731,1,1,0,0,0,1,3
CUST00732,1,0,0,1,1,0,3
CUST00733,1,1,0,1,1,0,4
CUST00734,1,1,1,1,0,1,5
CUST00735,1,1,0,1,1,0,4
CUST00736,1,0,0,0,0,1,2
CUST00737,1,0,1,0,0,1,3
CUST00738,1,0,1,1,0,0,3
CUST00739,1,0,0,0,1,1,3
CUST00740,1,0,0,1,0,1,3
CUST00741,1,0,0,0,1,1,3
CUST00742,1,1,1,1,1,0,5
CUST00743,1,1,0,1,0,1,4
CUST00744,1,1,1,1,1,1,6
CUST00745,1,0,0,0,1,0,2
CUST00746,1,0,0,0,1,0,2
CUST00747,1,0,1,0,0,0,2
CUST00748,1,0,0,0,1,0,2
CUST00749,1,0,1,1,0,1,4
CUST00750,1,0,0,0,0,0,1
CUST00751,1,1,0,0,1,1,4
CUST00752,1,1,1,0,0,1,4
CUST00753,1,0,0,0,1,1,3
CUST00754,1,1,0,0,0,1,3
CUST00755,1,0,0,0,0,1,2
CUST00756,1,1,0,1,0,1,4
CUST00757,1,0,1,1,0,0,3
CUST00758,1,0,0,1,1,1,4
CUST00759,1,1,1,1,1,0,5
CUST00760,1,0,0,0,0,0,1
CUST00761,1,0,0,1,0,0,2
CUST00762,1,0,0,0,1,1,3
CUST00763,1,1,0,1,1,1,5
CUST00764,1,1,0,0,0,1,3
CUST00765,1,1,0,0,0,0,2
CUST00766,1,1,1,1,1,0,5
CUST00767,1,0,1,0,0,1,3
CUST00768,1,0,1,0,1,1,4
CUST00769,1,1,0,0,1,1,4
CUST00770,1,0,0,0,0,1,2
CUST00771,1,0,0,1,0,1,3
CUST00772,0,0,0,1,0,1,2
CUST00773,1,0,0,1,0,0,2
CUST00774,1,1,0,0,0,1,3
CUST00775,1,0,1,0,1,1,4
CUST00776,1,1,1,0,0,1,4
CUST00777,1,0,0,0,0,1,2
CUST00778,1,0,0,1,0,1,3
CUST00779,1,1,0,1,0,1,4
CUST00780,1,0,0,1,0,0,2
CUST00781,1,1,0,1,0,0,3
CUST00782,1,1,0,0,0,1,3
CUST00783,1,0,0,0,1,0,2
CUST00784,1,0,0,0,0,1,2
CUST00785,1,1,0,0,0,1,3
CUST00786,1,1,1,0,0,1,4
CUST00787,1,1,1,1,0,0,4
CUST00788,1,0,0,1,1,1,4
CUST00789,1,0,1,1,1,1,5
CUST00790,1,0,0,0,0,0,1
CUST00791,1,1,0,1,1,1,5
CUST00792,1,1,0,1,0,0,3
CUST00793,1,0,1,1,0,1,4
CUST00794,1,1,1,0,1,1,5
CUST00795,1,1,1,1,1,1,6
CUST00796,1,0,0,1,0,1,3
CUST00797,1,1,1,1,1,1,6
CUST00798,1,1,0,1,0,1,4
CUST00799,0,0,1,1,0,1,3
CUST00800,1,0,0,0,0,0,1
CUST00801,1,1,1,0,1,0,4
CUST00802,1,1,0,0,1,1,4
CUST00803,1,0,0,1,0,1,3
CUST00804,1,1,0,1,0,1,4
CUST00805,1,0,1,1,1,1,5
CUST00806,1,0,1,0,0,1,3
CUST00807,1,0,0,0,0,0,1
CUST00808,1,0,0,0,0,1,2
CUST00809,1,1,0,0,1,1,4
CUST00810,1,1,0,1,1,0,4
CUST00811,1,1,1,0,1,1,5
CUST00812,1,1,1,1,1,1,6
CUST00813,1,1,1,0,1,1,5
CUST00814,1,0,0,0,0,0,1
CUST00815,1,1,1,0,1,1,5
CUST00816,1,1,0,0,0,0,2
CUST00817,1,1,0,0,0,1,3
CUST00818,1,1,0,0,0,1,3
CUST00819,1,0,0,0,0,0,1
CUST00820,1,0,0,0,0,1,2
CUST00821,1,1,1,1,1,1,6
CUST00822,1,0,0,0,1,0,2
CUST00823,1,0,0,0,1,1,3
CUST00824,1,0,1,0,0,0,2
CUST00825,1,1,1,0,0,1,4
CUST00826,1,1,1,1,1,1,6
CUST00827,1,0,0,0,0,0,1
CUST00828,1,1,1,1,0,1,5
CUST00829,1,0,0,0,0,1,2
CUST00830,1,0,1,1,0,1,4
CUST00831,1,1,0,0,0,1,3
CUST00832,1,0,0,0,0,1,2
CUST00833,1,0,0,1,0,1,3
CUST00834,1,0,0,0,0,0,1
CUST00835,1,0,1,0,0,1,3
CUST00836,1,0,0,1,1,0,3
CUST00837,1,0,0,1,0,1,3
CUST00838,0,1,1,1,1,1,5
CUST00839,1,1,0,0,1,0,3
CUST00840,1,1,0,0,0,1,3
CUST00841,1,1,1,1,1,1,6
CUST00842,1,0,1,1,0,1,4
CUST00843,1,1,0,0,0,0,2
CUST00844,1,1,1,0,0,0,3
CUST00845,1,1,1,1,1,1,6
CUST00846,1,1,1,0,1,1,5
CUST00847,1,1,0,0,0,0,2
CUST00848,1,0,0,0,0,1,2
CUST00849,1,1,0,0,0,1,3
CUST00850,1,0,0,1,0,1,3
CUST00851,1,0,0,1,1,1,4
CUST00852,1,0,0,0,1,0,2
CUST00853,1,1,0,0,0,0,2
CUST00854,1,0,0,0,0,1,2
CUST00855,1,0,0,1,0,1,3
CUST00856,1,0,0,0,1,0,2
CUST00857,1,0,1,1,0,1,4
CUST00858,1,1,1,0,1,0,4
CUST00859,1,0,0,1,1,1,4
CUST00860,0,0,0,0,0,0,0
CUST00861,1,0,0,1,1,0,3
CUST00862,1,1,1,1,0,1,5
CUST00863,1,0,1,1,0,0,3
CUST00864,1,0,0,0,0,0,1
CUST00865,1,1,1,1,1,1,6
CUST00866,1,1,0,0,0,1,3
CUST00867,1,0,0,0,0,1,2
CUST00868,1,0,1,1,1,0,4
CUST00869,1,1,1,1,1,1,6
CUST00870,1,1,1,0,0,0,3
CUST00871,1,1,1,1,0,1,5
CUST00872,1,0,1,1,1,1,5
CUST00873,1,1,0,1,0,0,3
CUST00874,1,1,1,1,1,0,5
CUST00875,1,0,0,0,0,0,1
CUST00876,1,1,0,0,0,1,3
CUST00877,1,1,0,1,0,1,4
CUST00878,1,0,1,0,0,1,3
CUST00879,1,1,0,0,0,0,2
CUST00880,1,0,0,0,0,1,2
CUST00881,1,1,1,0,0,0,3
CUST00882,1,0,0,0,0,1,2
CUST00883,1,1,0,1,1,1,5
CUST00884,1,1,0,0,1,0,3
CUST00885,1,0,1,0,0,1,3
CUST00886,1,1,0,0,1,1,4
CUST00887,1,0,1,0,1,1,4
CUST00888,1,1,0,0,1,1,4
CUST00889,1,0,1,0,0,1,3
CUST00890,1,0,0,0,0,0,1
CUST00891,1,1,0,0,0,1,3
CUST00892,1,0,1,1,1,0,4
CUST00893,1,1,1,1,0,1,5
CUST00894,1,1,1,0,1,1,5
CUST00895,1,0,1,1,0,0,3
CUST00896,1,1,1,1,0,0,4
CUST00897,1,0,0,0,0,1,2
CUST00898,1,0,0,0,1,1,3
CUST00899,1,0,1,1,1,1,5
CUST00900,1,0,0,0,0,1,2
CUST00901,1,1,0,0,1,1,4
CUST00902,1,0,1,0,0,0,2
CUST00903,1,1,1,1,1,1,6
CUST00904,1,0,1,0,0,1,3
CUST00905,0,0,1,0,1,1,3
CUST00906,1,0,0,0,0,1,2
CUST00907,1,0,0,0,1,1,3
CUST00908,1,1,1,1,1,0,5
CUST00909,1,1,1,1,0,1,5
CUST00910,1,0,1,1,1,1,5
CUST00911,1,1,1,1,0,1,5
CUST00912,1,1,0,0,1,1,4
CUST00913,1,1,0,0,0,1,3
CUST00914,1,0,0,1,1,1,4
CUST00915,1,0,1,0,1,1,4
CUST00916,1,1,0,0,0,1,3
CUST00917,1,1,1,1,1,1,6
CUST00918,1,0,0,1,0,1,3
CUST00919,1,1,0,1,0,0,3
CUST00920,1,0,0,1,0,1,3
CUST00921,1,1,1,1,1,0,5
CUST00922,1,1,0,0,0,1,3
CUST00923,1,0,1,0,0,0,2
CUST00924,1,0,0,0,1,0,2
CUST00925,1,1,0,1,1,0,4
CUST00926,1,1,0,1,0,1,4
CUST00927,1,1,1,0,0,0,3
CUST00928,1,0,0,1,0,0,2
CUST00929,1,0,1,0,0,0,2
CUST00930,1,0,1,1,0,1,4
CUST00931,1,1,0,0,0,1,3
CUST00932,1,0,0,1,0,1,3
CUST00933,1,1,0,0,0,1,3
CUST00934,1,0,1,1,0,0,3
CUST00935,1,0,1,0,1,1,4
CUST00936,1,0,0,0,0,1,2
CUST00937,1,1,0,1,1,1,5
CUST00938,1,1,0,0,0,1,3
CUST00939,1,1,0,0,0,0,2
CUST00940,1,1,1,1,1,1,6
CUST00941,1,1,0,0,0,1,3
CUST00942,1,1,0,1,0,1,4
CUST00943,1,1,0,0,1,1,4
CUST00944,1,1,0,1,0,1,4
CUST00945,0,0,0,0,0,1,1
CUST00946,1,0,0,1,0,0,2
CUST00947,1,1,0,0,0,0,2
CUST00948,1,0,0,0,0,1,2
CUST00949,1,1,0,0,0,0,2
CUST00950,1,0,0,0,0,0,1
CUST00951,1,0,0,0,1,1,3
CUST00952,1,1,0,0,0,1,3
CUST00953,1,0,1,0,1,1,4
CUST00954,1,0,0,1,0,1,3
CUST00955,1,1,1,1,0,1,5
CUST00956,1,1,0,0,0,1,3
CUST00957,1,1,1,1,0,0,4
CUST00958,1,0,0,0,0,0,1
CUST00959,1,1,0,0,1,0,3
CUST00960,1,0,0,0,0,0,1
CUST00961,1,1,0,0,1,1,4
CUST00962,1,1,0,0,0,0,2
CUST00963,1,0,0,0,0,0,1
CUST00964,1,1,1,0,0,1,4
CUST00965,1,1,0,0,0,1,3
CUST00966,1,0,0,0,0,1,2
CUST00967,1,0,0,0,1,0,2
CUST00968,1,1,1,1,0,1,5
CUST00969,1,1,0,0,0,0,2
CUST00970,1,1,1,0,1,1,5
CUST00971,1,1,0,0,1,1,4
CUST00972,1,0,1,0,1,0,3
CUST00973,1,1,1,1,1,0,5
CUST00974,1,0,0,0,0,1,2
CUST00975,1,0,0,0,0,1,2
CUST00976,1,0,0,1,0,1,3
CUST00977,1,1,0,0,0,1,3
CUST00978,1,0,1,0,1,0,3
CUST00979,0,0,1,0,1,1,3
CUST00980,1,1,0,0,1,1,4
CUST00981,0,1,1,1,1,1,5
CUST00982,1,0,0,1,0,0,2
CUST00983,1,1,1,0,0,1,4
CUST00984,1,1,0,1,0,1,4
CUST00985,1,0,0,1,0,1,3
CUST00986,1,0,0,0,1,1,3
CUST00987,1,0,0,0,0,1,2
CUST00988,1,1,1,1,1,1,6
CUST00989,1,1,0,1,1,0,4
CUST00990,1,0,0,0,0,0,1
CUST00991,1,0,0,0,0,1,2
CUST00992,1,0,0,1,0,1,3
CUST00993,1,1,1,0,0,1,4
CUST00994,1,1,0,0,1,1,4
CUST00995,1,1,1,0,1,1,5
CUST00996,1,1,0,1,0,1,4
CUST00997,1,0,0,0,0,0,1
CUST00998,1,1,0,0,1,0,3
CUST00999,1,0,1,1,1,1,5
CUST01000,1,1,1,0,1,1,5
CUST01001,1,1,1,1,1,1,6
CUST01002,1,0,0,0,0,1,2
CUST01003,1,0,1,1,0,1,4
CUST01004,1,1,0,1,0,1,4
CUST01005,1,0,1,0,0,0,2
CUST01006,1,1,1,0,1,1,5
CUST01007,1,1,0,1,1,1,5
CUST01008,1,0,1,0,1,1,4
CUST01009,1,0,1,1,0,0,3
CUST01010,1,0,0,0,1,0,2
CUST01011,1,0,1,0,0,0,2
CUST01012,0,0,0,0,0,0,0
CUST01013,1,1,0,1,1,0,4
CUST01014,0,0,0,0,1,0,1
CUST01015,1,1,1,1,0,0,4
CUST01016,1,1,0,0,0,1,3
CUST01017,1,0,0,0,0,0,1
CUST01018,1,1,1,1,0,1,5
CUST01019,1,1,0,1,1,1,5
CUST01020,1,1,0,0,1,1,4
CUST01021,1,1,1,0,0,1,4
CUST01022,1,0,1,1,0,1,4
CUST01023,1,0,0,0,0,0,1
CUST01024,1,0,0,1,0,1,3
CUST01025,1,1,0,0,0,0,2
CUST01026,1,0,0,0,0,1,2
CUST01027,1,1,1,0,1,1,5
CUST01028,1,1,1,1,0,0,4
CUST01029,1,0,0,1,1,0,3
CUST01030,1,0,0,0,0,1,2
CUST01031,1,0,0,0,0,1,2
CUST01032,1,0,1,0,0,0,2
CUST01033,1,0,0,0,0,0,1
CUST01034,1,1,0,0,0,1,3
CUST01035,1,0,1,1,0,1,4
CUST01036,1,0,0,0,0,0,1
CUST01037,1,0,1,1,0,1,4
CUST01038,1,1,1,1,0,1,5
CUST01039,1,0,0,0,1,0,2
CUST01040,1,1,1,1,0,1,5
CUST01041,1,1,1,1,1,1,6
CUST01042,1,1,0,0,0,1,3
CUST01043,1,0,1,1,0,1,4
CUST01044,1,0,0,0,0,0,1
CUST01045,1,1,0,1,1,1,5
CUST01046,1,0,0,0,1,0,2
CUST01047,1,0,1,1,0,1,4
CUST01048,1,0,1,1,0,0,3
CUST01049,1,1,0,0,0,0,2
CUST01050,1,0,0,0,1,1,3
CUST01051,1,0,0,0,0,1,2
CUST01052,1,0,0,0,1,1,3
CUST01053,1,0,0,1,0,1,3
CUST01054,1,0,0,1,0,1,3
CUST01055,1,0,0,0,0,1,2
CUST01056,1,0,1,0,0,0,2
CUST01057,1,1,0,0,0,0,2
CUST01058,1,1,1,0,1,1,5
CUST01059,1,1,0,0,0,0,2
CUST01060,1,0,0,0,0,1,2
CUST01061,1,1,1,1,0,1,5
CUST01062,1,0,0,0,0,0,1
CUST01063,1,0,0,0,1,0,2
CUST01064,1,0,0,1,0,0,2
CUST01065,1,0,1,1,0,1,4
CUST01066,1,0,0,1,1,1,4
CUST01067,1,1,0,0,1,0,3
CUST01068,1,0,0,0,0,1,2
CUST01069,1,1,1,0,0,1,4
CUST01070,1,1,0,0,0,0,2
CUST01071,1,1,0,0,0,1,3
CUST01072,1,0,0,0,0,1,2
CUST01073,1,0,0,0,0,0,1
CUST01074,1,1,0,0,0,0,2
CUST01075,1,1,0,0,0,1,3
CUST01076,1,0,0,0,1,1,3
CUST01077,1,1,1,0,1,1,5
CUST01078,1,0,0,0,0,1,2
CUST01079,1,0,0,0,0,1,2
CUST01080,1,0,0,1,1,1,4
CUST01081,1,0,0,0,0,0,1
CUST01082,1,1,0,0,1,1,4
CUST01083,1,1,1,1,1,1,6
CUST01084,1,1,0,0,0,1,3
CUST01085,1,0,0,1,0,1,3
CUST01086,1,0,1,1,0,0,3
CUST01087,1,0,1,0,0,1,3
CUST01088,1,0,1,1,0,0,3
CUST01089,1,0,0,0,1,0,2
CUST01090,1,0,1,0,0,1,3
CUST01091,1,1,0,1,1,1,5
CUST01092,1,0,0,0,0,0,1
CUST01093,1,1,0,1,0,1,4
CUST01094,1,1,1,0,0,1,4
CUST01095,1,0,0,0,0,0,1
CUST01096,1,0,1,0,0,1,3
CUST01097,1,1,0,1,0,1,4
CUST01098,1,0,0,0,0,0,1
CUST01099,1,1,0,0,0,1,3
CUST01100,1,1,0,0,0,1,3
CUST01101,1,1,1,1,1,1,6
CUST01102,1,0,0,1,0,0,2
CUST01103,1,0,1,1,0,1,4
CUST01104,1,1,0,0,0,1,3
CUST01105,1,0,1,0,1,1,4
CUST01106,1,0,0,1,1,0,3
CUST01107,1,1,1,1,1,1,6
CUST01108,1,1,0,0,1,1,4
CUST01109,1,1,0,1,0,1,4
CUST01110,1,0,1,0,0,1,3
CUST01111,1,1,1,1,0,0,4
CUST01112,1,0,0,0,1,1,3
CUST01113,1,0,0,0,0,1,2
CUST01114,1,1,1,1,1,1,6
CUST01115,1,1,1,0,0,0,3
CUST01116,1,1,1,1,1,0,5
CUST01117,1,1,0,1,1,0,4
CUST01118,1,0,1,1,0,1,4
CUST01119,1,0,1,1,1,1,5
CUST01120,1,0,0,1,0,0,2
CUST01121,1,1,0,0,0,1,3
CUST01122,1,1,1,1,1,1,6
CUST01123,1,0,0,1,0,1,3
CUST01124,1,1,0,0,1,1,4
CUST01125,1,0,0,0,0,0,1
CUST01126,1,0,1,0,0,1,3
CUST01127,1,0,0,0,0,1,2
CUST01128,1,0,0,0,0,0,1
CUST01129,1,1,0,0,0,1,3
CUST01130,0,0,0,1,1,1,3
CUST01131,1,0,0,0,0,0,1
CUST01132,1,0,0,0,0,1,2
CUST01133,1,1,1,1,1,0,5
CUST01134,1,0,1,1,1,0,4
CUST01135,1,0,0,0,0,0,1
CUST01136,1,1,1,1,0,0,4
CUST01137,1,0,0,0,0,0,1
CUST01138,1,1,0,0,0,0,2
CUST01139,1,1,1,0,1,1,5
CUST01140,1,1,0,1,0,0,3
CUST01141,1,0,1,0,0,1,3
CUST01142,1,0,1,1,0,0,3
CUST01143,1,1,0,0,1,1,4
CUST01144,1,1,0,0,0,1,3
CUST01145,1,1,0,1,0,1,4
CUST01146,1,1,0,0,0,1,3
CUST01147,1,0,1,0,1,1,4
CUST01148,1,0,1,1,1,0,4
CUST01149,1,0,0,0,0,1,2
CUST01150,1,0,0,1,0,1,3
CUST01151,1,0,0,0,1,1,3
CUST01152,1,0,0,0,0,1,2
CUST01153,1,1,1,1,1,1,6
CUST01154,1,1,0,0,1,0,3
CUST01155,1,0,1,0,0,0,2
CUST01156,1,1,1,0,1,1,5
CUST01157,1,1,1,1,0,0,4
CUST01158,1,1,0,1,1,1,5
CUST01159,1,1,0,0,1,1,4
CUST01160,1,0,1,1,1,0,4
CUST01161,1,1,1,1,0,1,5
CUST01162,1,1,0,0,0,0,2
CUST01163,1,0,0,0,0,1,2
CUST01164,1,0,1,1,0,0,3
CUST01165,1,0,0,0,0,1,2
CUST01166,1,1,0,0,0,1,3
CUST01167,1,0,1,0,0,1,3
CUST01168,1,0,0,1,0,1,3
CUST01169,1,1,1,1,1,0,5
CUST01170,1,1,1,0,1,0,4
CUST01171,1,1,1,0,0,1,4
CUST01172,1,0,0,0,0,0,1
CUST01173,1,0,1,0,0,0,2
CUST01174,1,0,1,1,0,1,4
CUST01175,1,0,0,0,1,0,2
CUST01176,1,0,1,1,0,1,4
CUST01177,1,0,0,0,1,1,3
CUST01178,1,1,0,0,0,1,3
CUST01179,1,0,1,0,1,1,4
CUST01180,1,1,0,1,0,1,4
CUST01181,1,0,0,0,0,1,2
CUST01182,1,1,1,1,1,1,6
CUST01183,1,1,1,1,1,1,6
CUST01184,1,1,1,1,1,0,5
CUST01185,1,1,0,0,0,1,3
CUST01186,0,0,0,1,0,1,2
CUST01187,1,1,1,1,0,0,4
CUST01188,1,1,0,0,1,1,4
CUST01189,1,1,0,1,1,1,5
CUST01190,1,1,0,0,0,0,2
CUST01191,1,0,0,1,0,0,2
CUST01192,1,0,0,1,1,1,4
CUST01193,1,0,0,1,0,0,2
CUST01194,1,0,0,1,1,0,3
CUST01195,1,1,0,0,0,1,3
CUST01196,1,0,0,0,1,1,3
CUST01197,1,0,1,1,1,1,5
CUST01198,1,0,1,0,0,1,3
CUST01199,1,1,0,1,1,1,5
CUST01200,1,0,1,1,0,1,4
CUST01201,1,0,0,0,0,0,1
CUST01202,1,1,0,0,0,1,3
CUST01203,1,1,1,0,0,1,4
CUST01204,1,0,0,0,0,0,1
CUST01205,1,1,0,1,1,1,5
CUST01206,1,0,1,1,1,1,5
CUST01207,1,0,1,0,0,0,2
CUST01208,1,0,0,0,0,0,1
CUST01209,1,1,0,0,1,1,4
CUST01210,1,1,1,0,0,0,3
CUST01211,1,1,0,1,1,0,4
CUST01212,1,1,0,0,0,1,3
CUST01213,1,0,0,0,0,0,1
CUST01214,1,1,0,1,1,1,5
CUST01215,1,1,0,1,1,1,5
CUST01216,1,1,1,0,0,0,3
CUST01217,1,1,0,0,0,0,2
CUST01218,1,0,0,0,0,0,1
CUST01219,1,0,0,0,0,1,2
CUST01220,1,1,1,0,1,1,5
CUST01221,1,1,1,1,1,1,6
CUST01222,1,1,0,0,0,1,3
CUST01223,1,1,0,0,0,1,3
CUST01224,1,0,0,0,0,1,2
CUST01225,1,0,1,0,0,0,2
CUST01226,1,1,0,0,0,1,3
CUST01227,1,0,1,1,1,1,5
CUST01228,1,0,0,1,0,1,3
CUST01229,1,0,1,0,0,1,3
CUST01230,1,1,0,1,1,1,5
CUST01231,1,0,0,1,0,1,3
CUST01232,1,0,1,0,0,0,2
CUST01233,1,0,1,0,0,1,3
CUST01234,1,1,0,0,0,1,3
CUST01235,1,1,1,1,0,1,5
CUST01236,1,1,1,1,1,1,6
CUST01237,1,1,0,1,1,1,5
CUST01238,1,1,0,0,0,1,3
CUST01239,1,0,0,1,1,0,3
CUST01240,1,0,1,1,1,1,5
CUST01241,1,1,0,0,0,1,3
CUST01242,1,0,0,0,0,1,2
CUST01243,1,1,1,1,0,1,5
CUST01244,1,1,0,1,1,1,5
CUST01245,1,1,1,0,0,1,4
CUST01246,1,0,1,1,0,1,4
CUST01247,1,0,0,0,0,1,2
CUST01248,1,0,0,0,1,1,3
CUST01249,1,0,0,0,0,1,2
CUST01250,1,1,0,1,0,0,3
CUST01251,1,1,1,1,1,1,6
CUST01252,1,1,0,1,1,1,5
CUST01253,1,1,1,1,1,1,6
CUST01254,1,0,0,0,0,0,1
CUST01255,1,1,1,0,1,1,5
CUST01256,1,1,0,0,0,1,3
CUST01257,1,0,0,0,0,0,1
CUST01258,1,0,1,0,0,0,2
CUST01259,1,0,0,0,1,0,2
CUST01260,1,1,0,1,0,1,4
CUST01261,1,1,1,1,1,0,5
CUST01262,1,1,0,0,1,1,4
CUST01263,1,0,1,0,0,1,3
CUST01264,1,0,0,0,1,0,2
CUST01265,1,0,1,0,0,1,3
CUST01266,1,0,1,1,0,0,3
CUST01267,1,0,1,1,0,1,4
CUST01268,1,1,0,0,1,0,3
CUST01269,1,1,0,0,0,1,3
CUST01270,1,0,0,0,1,1,3
CUST01271,1,0,1,0,0,0,2
CUST01272,1,0,1,0,0,0,2
CUST01273,1,0,1,0,0,1,3
CUST01274,1,0,0,0,1,1,3
CUST01275,1,0,0,0,0,1,2
CUST01276,1,0,0,0,1,1,3
CUST01277,1,1,0,0,0,1,3
CUST01278,1,1,1,1,1,1,6
CUST01279,1,0,0,1,0,1,3
CUST01280,1,0,0,0,0,0,1
CUST01281,1,1,1,1,1,1,6
CUST01282,1,0,1,1,1,0,4
CUST01283,1,1,0,0,0,1,3
CUST01284,1,0,0,0,0,0,1
CUST01285,0,1,1,0,1,1,4
CUST01286,1,0,0,0,0,0,1
CUST01287,1,0,0,0,0,1,2
CUST01288,1,1,1,1,0,1,5
CUST01289,1,1,0,1,0,1,4
CUST01290,1,1,0,0,0,1,3
CUST01291,1,1,0,0,1,1,4
CUST01292,1,0,0,0,0,0,1
CUST01293,1,1,1,1,0,0,4
CUST01294,1,1,0,0,0,1,3
CUST01295,1,1,0,1,1,0,4
CUST01296,1,1,0,1,1,1,5
CUST01297,1,1,1,1,0,0,4
CUST01298,1,1,1,0,0,1,4
CUST01299,1,0,1,1,0,0,3
CUST01300,1,0,0,0,0,0,1
CUST01301,1,1,0,1,0,0,3
CUST01302,1,1,0,0,1,0,3
CUST01303,1,0,1,1,1,1,5
CUST01304,1,0,0,0,0,0,1
CUST01305,1,0,1,0,0,1,3
CUST01306,1,1,0,1,1,1,5
CUST01307,1,0,1,0,0,1,3
CUST01308,1,0,0,0,0,0,1
CUST01309,1,1,0,1,0,1,4
CUST01310,1,0,1,1,1,0,4
CUST01311,1,1,0,1,0,1,4
CUST01312,1,0,1,0,1,1,4
CUST01313,1,1,1,0,0,0,3
CUST01314,1,1,0,1,0,1,4
CUST01315,1,1,1,1,1,1,6
CUST01316,1,1,0,0,0,1,3
CUST01317,1,0,0,0,0,1,2
CUST01318,1,1,1,1,1,1,6
CUST01319,1,1,0,0,0,1,3
CUST01320,1,1,0,0,0,0,2
CUST01321,1,1,0,0,0,0,2
CUST01322,1,1,0,0,0,1,3
CUST01323,1,1,1,1,1,0,5
CUST01324,1,0,1,1,0,0,3
CUST01325,1,0,1,1,0,0,3
CUST01326,1,0,0,1,0,0,2
CUST01327,1,0,0,1,1,0,3
CUST01328,1,1,0,0,0,0,2
CUST01329,1,1,0,1,0,0,3
CUST01330,1,0,1,0,1,1,4
CUST01331,1,0,1,0,1,0,3
CUST01332,1,0,0,0,0,0,1
CUST01333,1,0,0,1,1,0,3
CUST01334,0,1,0,1,0,1,3
CUST01335,1,0,0,1,1,1,4
CUST01336,1,1,0,0,0,0,2
CUST01337,1,1,0,1,1,1,5
CUST01338,1,0,1,1,0,0,3
CUST01339,1,1,1,0,0,1,4
CUST01340,1,1,0,0,1,1,4
CUST01341,1,1,1,1,0,0,4
CUST01342,1,0,1,0,0,0,2
CUST01343,1,0,0,0,1,0,2
CUST01344,1,0,0,0,0,0,1
CUST01345,1,1,0,0,1,0,3
CUST01346,1,0,0,0,0,1,2
CUST01347,1,0,0,1,0,0,2
CUST01348,1,1,0,1,1,1,5
CUST01349,1,0,0,1,1,1,4
CUST01350,1,0,1,1,1,1,5
CUST01351,1,0,1,1,0,0,3
CUST01352,1,1,0,0,0,0,2
CUST01353,1,1,1,1,0,1,5
CUST01354,1,1,0,1,0,1,4
CUST01355,1,1,0,0,0,1,3
CUST01356,1,1,1,1,1,1,6
CUST01357,1,1,1,0,1,0,4
CUST01358,1,1,0,0,0,1,3
CUST01359,1,0,0,0,0,0,1
CUST01360,1,0,1,1,0,1,4
CUST01361,1,0,0,0,0,0,1
CUST01362,1,1,0,0,1,1,4
CUST01363,1,1,1,0,0,1,4
CUST01364,1,1,0,1,1,0,4
CUST01365,1,1,0,0,0,1,3
CUST01366,1,0,0,0,0,0,1
CUST01367,1,1,0,0,1,1,4
CUST01368,1,1,0,1,0,1,4
CUST01369,1,0,0,0,0,1,2
CUST01370,1,0,0,0,0,0,1
CUST01371,1,1,0,1,0,1,4
CUST01372,1,0,1,1,0,0,3
CUST01373,1,1,1,0,1,1,5
CUST01374,1,0,1,1,0,0,3
CUST01375,1,0,0,1,0,1,3
CUST01376,1,1,0,1,1,1,5
CUST01377,1,0,0,0,0,0,1
CUST01378,1,0,0,0,0,1,2
CUST01379,1,1,0,0,0,0,2
CUST01380,1,1,0,0,1,1,4
CUST01381,1,1,0,1,0,0,3
CUST01382,1,1,0,1,1,1,5
CUST01383,1,0,0,0,0,0,1
CUST01384,1,0,0,0,1,0,2
CUST01385,1,0,0,1,0,1,3
CUST01386,1,0,1,0,1,0,3
CUST01387,1,1,0,0,1,0,3
CUST01388,1,1,0,1,0,1,4
CUST01389,1,1,0,0,0,1,3
CUST01390,1,1,1,1,0,0,4
CUST01391,1,1,1,0,0,0,3
CUST01392,1,1,0,0,0,1,3
CUST01393,1,1,1,1,0,1,5
CUST01394,1,1,1,1,1,1,6
CUST01395,1,0,0,0,0,1,2
CUST01396,1,1,1,1,0,1,5
CUST01397,1,0,0,0,0,0,1
CUST01398,1,1,0,0,0,1,3
CUST01399,1,0,0,0,0,0,1
CUST01400,1,1,0,1,1,0,4
CUST01401,1,1,0,0,0,0,2
CUST01402,1,1,1,1,1,1,6
CUST01403,1,0,0,1,0,1,3
CUST01404,1,0,0,1,0,1,3
CUST01405,1,1,1,0,0,0,3
CUST01406,1,1,0,1,0,0,3
CUST01407,1,1,0,0,1,1,4
CUST01408,1,1,1,1,1,0,5
CUST01409,1,1,0,0,0,0,2
CUST01410,1,1,0,0,0,1,3
CUST01411,1,1,0,0,0,0,2
CUST01412,1,1,0,0,1,0,3
CUST01413,1,0,0,0,0,1,2
CUST01414,0,0,1,0,0,0,1
CUST01415,1,1,0,0,1,1,4
CUST01416,1,0,1,1,0,0,3
CUST01417,1,1,0,0,0,1,3
CUST01418,1,0,0,0,1,1,3
CUST01419,1,1,0,0,0,1,3
CUST01420,1,0,1,0,0,0,2
CUST01421,1,0,0,0,0,1,2
CUST01422,1,1,0,0,0,1,3
CUST01423,1,0,0,0,1,1,3
CUST01424,1,1,0,0,0,1,3
CUST01425,1,0,0,1,1,0,3
CUST01426,1,1,0,0,0,0,2
CUST01427,1,1,1,1,1,1,6
CUST01428,1,1,1,0,1,1,5
CUST01429,1,1,0,0,0,0,2
CUST01430,1,1,0,0,0,1,3
CUST01431,1,1,1,0,1,1,5
CUST01432,1,0,0,0,0,0,1
CUST01433,1,1,1,1,0,1,5
CUST01434,1,0,0,1,0,1,3
CUST01435,1,1,1,1,0,0,4
CUST01436,1,0,1,0,1,1,4
CUST01437,1,0,0,0,0,1,2
CUST01438,1,0,0,0,1,1,3
CUST01439,1,1,0,1,0,1,4
CUST01440,0,0,1,0,0,1,2
CUST01441,1,0,0,1,0,1,3
CUST01442,1,0,1,1,1,0,4
CUST01443,1,1,0,0,0,1,3
CUST01444,1,1,1,1,0,1,5
CUST01445,1,0,0,0,0,1,2
CUST01446,1,1,1,0,1,0,4
CUST01447,1,1,0,0,0,1,3
CUST01448,1,0,0,0,1,0,2
CUST01449,1,0,1,0,0,0,2
CUST01450,1,0,1,1,0,1,4
CUST01451,1,0,1,1,0,0,3
CUST01452,1,0,0,0,0,0,1
CUST01453,1,0,0,0,0,1,2
CUST01454,1,0,0,1,1,1,4
CUST01455,1,1,0,0,0,0,2
CUST01456,1,1,0,1,1,1,5
CUST01457,1,1,1,1,0,0,4
CUST01458,1,1,0,0,0,1,3
CUST01459,1,0,0,1,0,0,2
CUST01460,1,1,1,1,0,1,5
CUST01461,1,0,1,0,0,0,2
CUST01462,1,1,0,0,0,0,2
CUST01463,1,1,0,1,0,1,4
CUST01464,1,0,0,1,0,1,3
CUST01465,1,0,0,0,0,1,2
CUST01466,1,0,1,0,0,0,2
CUST01467,1,1,0,0,0,0,2
CUST01468,1,0,0,0,1,1,3
CUST01469,1,0,1,1,0,1,4
CUST01470,1,0,1,0,0,1,3
CUST01471,1,1,0,1,1,1,5
CUST01472,1,1,1,0,1,0,4
CUST01473,1,1,1,1,1,1,6
CUST01474,1,1,0,0,1,0,3
CUST01475,1,0,0,0,0,0,1
CUST01476,1,1,1,0,1,0,4
CUST01477,1,0,0,0,1,0,2
CUST01478,1,1,0,1,1,1,5
CUST01479,1,1,0,0,0,0,2
CUST01480,1,0,0,0,1,0,2
CUST01481,1,0,1,0,1,1,4
CUST01482,1,1,1,1,1,0,5
CUST01483,1,0,0,0,0,1,2
CUST01484,1,0,0,1,0,1,3
CUST01485,1,0,0,1,0,0,2
CUST01486,1,1,1,1,1,1,6
CUST01487,1,1,1,1,0,0,4
CUST01488,1,0,0,0,1,1,3
CUST01489,1,0,0,0,0,0,1
CUST01490,1,0,0,0,1,1,3
CUST01491,1,1,1,0,1,1,5
CUST01492,1,1,1,1,0,1,5
CUST01493,1,1,0,0,0,0,2
CUST01494,1,0,1,1,1,0,4
CUST01495,1,0,0,0,0,0,1
CUST01496,1,0,0,0,0,0,1
CUST01497,1,0,0,0,0,1,2
CUST01498,1,0,0,0,0,1,2
CUST01499,1,1,1,1,0,1,5
CUST01500,1,1,0,0,0,0,2
